Richard,Guzman,23566,Aberdeen,22
Rajeev,Patel,24447,Glasgow,33
Morag,Spencer,20338,Dundee,11
Gordon,Williams,28765,Montrose,55
Chris,Mendoza,21116,Aberdeen,44
Gemma,McQueen,22288,Edinburgh,33
Ann-Marie,Murray,23344,Peterhead,44
Patrick,Cosmos,21154,Aberdeen,11
Abraham,McStay,23337,Edinburgh,11
Hazel,Young,21896,Peterhead,55
Stuart,Romanov,21155,Aberdeen,44
Salif,Karim,22298,Peterhead,22
Archie,Khumalo,21777,Glasgow,33
Rosie,McDermott,22334,Aberdeen,11
Delia,Scott,21005,Dundee,22
Dave,Dos Santos,29876,Aberdeen,44
Ashley,Smith,20408,Peterhead,11
Paolo,Duthie,22447,Elgin,55
